intervention_id,jurisdiction,subjurisdiction,government_level,intervention_name,official_name,year_enacted,enactment_date,effective_date,operative_status,status_as_of,target_population,age_threshold,scope_type,account_age_restriction,age_assurance,parental_consent,personalized_feed_restriction,nonprofiled_feed_choice,recommender_safety_duty,addictive_design_restriction,autoplay_restriction,infinite_scroll_restriction,streak_reward_restriction,notification_restriction,time_use_limit,warning_interruption,design_harm_duty,regulates_access,regulates_recommendation,regulates_engagement,strategy_restriction,strategy_user_control,strategy_parental_control,strategy_friction,strategy_duty_based,primary_source_url,status_source_url,supporting_source_urls,status_note,coding_note,needs_review,last_verified,Core Intervention Summary
INT-EU-DSA,European Union,,Supranational,Digital Services Act,Regulation (EU) 2022/2065,2022,10/19/22,2/17/24,In Force,9/11/26,Mixed,Under 18 for minor-specific duties,Broader Online Services,0,0,0,0,1,1,0,0,0,0,0,0,0,0,0,1,0,0,1,0,0,1,https://eur-lex.europa.eu/eli/reg/2022/2065/oj?locale=en,,https://eur-lex.europa.eu/legal-content/EN/TXT/?uri=CELEX:52025XC05519,Regulation directly applies; major platform systemic-risk and recommender-transparency duties are operative.,Codes the nonprofiled recommender option and recommender-system risk duties; minor protections are not treated as an account-access rule.,No,9/15/26,
INT-UK-OSA,United Kingdom,,National,Online Safety Act 2023,2023 c. 50,2023,10/26/23,7/25/25,In Force,9/11/26,Mixed,Under 18 for child-safety duties,Broader Online Services,0,0,0,0,0,1,0,0,0,0,0,0,0,1,0,1,1,0,0,0,0,1,https://www.legislation.gov.uk/ukpga/2023/50/contents,https://www.gov.uk/government/collections/online-safety-act,,Principal illegal-content and child-safety duties were operative by 2025-07-25.,Codes platform risk duties where recommender systems must be assessed and mitigated; does not infer a categorical feed ban.,No,9/16/26,
INT-AUS-SMMA,Australia,,National,Online Safety Amendment (Social Media Minimum Age) Act 2024,"No. 127, 2024",2024,12/10/24,12/10/25,In Force,9/11/26,Minors,Under 16,Social-Media Specific,1,1,0,0,0,0,0,0,0,0,0,0,0,0,1,0,0,1,0,0,0,0,https://www.legislation.gov.au/C2024A00127/asmade/text,https://www.legislation.gov.au/F2025N00628/asmade/text,,The account-restriction duty took effect on 2025-12-10.,"Codes the statutory reasonable-steps access restriction and age-assurance implementation, not broader safety-expectation duties.",No,9/16/26,
INT-US-CA-SB976,United States,California,State,Protecting Our Kids from Social Media Addiction Act,SB 976 (2024),2024,9/20/24,1/1/25,Partially Operative,9/11/26,Minors,Under 18,Social-Media Specific,0,0,0,1,0,0,1,0,0,0,1,1,0,0,0,1,1,1,0,1,1,0,https://leginfo.legislature.ca.gov/faces/billTextClient.xhtml?bill_id=202320240SB976,https://cdn.ca9.uscourts.gov/datastore/opinions/2025/09/09/25-146.pdf,https://oag.ca.gov/system/files/attachments/press-docs/Order%20on%20Preliminary%20Injunction.pdf,"Addictive-feed restrictions and the private-account default remain operative; notification, annual-reporting, and like-count default requirements are enjoined.",Coding separates operative feed restrictions from provisions affected by the injunction.,No,9/16/26,"Bars covered services from giving minors personalized addictive feeds without verifiable parental consent, restricts notifications during specified overnight and school hours, and requires parent-set access and daily feed-time controls."
INT-US-AR-ACT689,United States,Arkansas,State,Social Media Safety Act,Act 689 of 2023 (SB 396),2023,4/12/23,9/1/23,Blocked,9/11/26,Minors,Under 18,Social-Media Specific,1,1,1,0,0,0,0,0,0,0,0,0,0,0,1,0,0,1,0,1,0,0,https://arkleg.state.ar.us/Bills/Detail?id=SB396&ddBienniumSession=2023%2F2023R,https://law.justia.com/cases/federal/district-courts/arkansas/arwdce/5:2023cv05105/68680/77/,,Permanently enjoined in federal district court; appeal pending at cutoff.,Codes enacted access and parental-consent architecture even though currently blocked.,No,9/15/26,"Requires covered social media companies to verify users’ ages and obtain verified parental consent before allowing minors to hold accounts, subject to the statute’s platform and service exclusions."
INT-US-UT-SB194,United States,Utah,State,Utah Minor Protection in Social Media Act,SB 194 (2024),2024,3/13/24,10/1/24,Blocked,9/11/26,Minors,Under 18,Social-Media Specific,0,0,0,0,0,0,0,1,1,0,1,1,0,0,0,0,1,1,1,1,0,0,https://le.utah.gov/~2024/bills/static/SB0194.html,https://law.justia.com/cases/federal/district-courts/utah/utdce/2:2023cv00911/145377/86/,,Preliminary injunction blocks enforcement.,"Directly requires disablement of autoplay, continuous scrolling, and push notifications for minor accounts, plus supervisory daily time-limit and mandatory-break controls. Parental consent concerns alteration of default privacy settings rather than account access.",No,9/16/26,"Requires social media services to disable autoplay, continuous scrolling, and engagement-prompting push notifications for minor accounts, and to offer activated supervisory tools for daily time limits and mandatory breaks."
INT-US-TX-HB18,United States,Texas,State,Securing Children Online Through Parental Empowerment (SCOPE) Act,HB 18 (2023),2023,6/13/23,9/1/24,Partially Operative,9/11/26,Minors,Under 18,Broader Online Services,0,1,0,0,0,1,0,0,0,0,0,1,0,0,1,1,1,0,0,1,0,1,https://capitol.texas.gov/tlodocs/88R/billtext/pdf/HB00018F.pdf,https://www.ca5.uscourts.gov/opinions/pub/24/24-50721-CV0.pdf,,The monitoring-and-filtering requirement and related algorithm duty remain enjoined; age-registration and parental-control provisions remain operative after Fifth Circuit review.,Age assurance is coded from the statutory duty to register age; recommender duty is limited to the express algorithm-related harm duty.,No,9/15/26,"Requires covered services to register users’ ages before account creation, provide verified parents tools to supervise and limit minors’ use time, and make reasonable efforts concerning algorithms that recommend content to known minors."
INT-US-FL-HB3,United States,Florida,State,Online Protections for Minors,Chapter 2024-42 (CS/CS/HB 3),2024,3/25/24,1/1/25,In Force,9/11/26,Minors,Under 14 prohibited; ages 14–15 require consent,Social-Media Specific,1,1,1,0,0,0,0,0,0,0,0,0,0,0,1,0,0,1,0,1,0,0,https://www.flsenate.gov/Session/Bill/2024/3,https://netchoice.org/wp-content/uploads/2025/11/11th-Circuit_CCIA-NetChoice-v.-Uthmeier_HB-3_Ruling_Nov-25-2025.pdf,,The Eleventh Circuit stayed the preliminary injunction; provisions were enforceable at cutoff.,"Codes tiered account restriction, age assurance, and parental consent.",No,9/16/26,"Prohibits covered social media platforms from maintaining accounts for children under 14 and requires verified parental consent for 14- and 15-year-olds, using age verification to apply the account restrictions."
INT-US-MS-HB1126,United States,Mississippi,State,Walker Montgomery Protecting Children Online Act,HB 1126 (2024),2024,4/30/24,7/1/24,In Force,9/11/26,Minors,Under 18,Broader Online Services,1,1,1,0,0,0,0,0,0,0,0,0,0,1,1,0,1,1,0,1,0,1,https://billstatus.ls.state.ms.us/documents/2024/html/HB/1100-1199/HB1126SG.htm,https://www.supremecourt.gov/docket/docketfiles/html/public/25A97.html,,Emergency relief was denied and the law was enforceable while merits litigation continued.,The safety-duty component is coded as a design-harm duty; no additional recommender restriction is inferred.,No,9/15/26,"Requires covered social-interaction services to register and make reasonable efforts to verify account applicants’ ages, obtain parental consent for known minors’ accounts, and implement a strategy to mitigate specified harms to minors."
INT-US-OH-HB33,United States,Ohio,State,Parental Notification by Social Media Operators Act,"Am. Sub. HB 33 (2023), Ohio Rev. Code § 1349.09",2023,7/3/23,1/15/24,Blocked,9/11/26,Minors,Under 16,Social-Media Specific,1,1,1,0,0,0,0,0,0,0,0,0,0,0,1,0,0,1,0,1,0,0,https://www.legislature.ohio.gov/legislation/135/hb33,https://www.opn.ca6.uscourts.gov/opinions.pdf/26a0177p-06.pdf,https://netchoice.org/wp-content/uploads/2026/08/25-3371_Stay-Granted.pdf,"The appellate mandate was stayed, leaving the district-court injunction operative.",Codes access and consent requirements notwithstanding the present block.,No,9/15/26,"Requires covered social media operators to secure verifiable parental consent before a child under 16 agrees to service terms, with parental notice of account terms and privacy practices."
INT-US-TN-HB1891,United States,Tennessee,State,Protecting Children from Social Media Act,2024 Tenn. Pub. Acts ch. 899 (HB 1891),2024,5/2/24,1/1/25,In Force,9/11/26,Minors,Under 18,Social-Media Specific,1,1,1,0,0,0,0,0,0,0,0,1,0,0,1,0,1,1,0,1,0,0,https://wapp.capitol.tn.gov/apps/BillInfo/Default.aspx?BillNumber=HB1891&GA=113,https://www.opn.ca6.uscourts.gov/opinions.pdf/26a0250p-06.pdf,,No injunction was operative at cutoff; preliminary-injunction proceedings were remanded.,Codes account/access controls and parental time-control functionality.,No,9/16/26,"Requires covered social media platforms to verify the ages of prospective account holders, obtain parental consent for minors to open accounts, and provide parental tools for supervision and limits on minors’ platform use."
INT-US-GA-SB351,United States,Georgia,State,Protecting Georgia's Children on Social Media Act of 2024,SB 351 (2024),2024,4/23/24,7/1/25,Blocked,9/11/26,Minors,Under 16,Social-Media Specific,1,1,1,0,0,0,0,0,0,0,0,0,0,0,1,0,0,1,0,1,0,0,https://gov.georgia.gov/document/2024-signed-legislation/sb-351/download,https://law.justia.com/cases/federal/district-courts/georgia/gandce/1:2025cv02422/343135/45/,,Social media provisions are preliminarily enjoined.,Codes enacted access architecture only; school education provisions are outside scope.,No,9/16/26,Requires covered social media services to use age-verification methods for account holders and obtain parental consent before minors younger than 16 may maintain accounts.
INT-US-NY-SAFE,United States,New York,State,Stop Addictive Feeds Exploitation (SAFE) for Kids Act,S. 7694A / A. 8148A (2024); N.Y. GBL art. 45,2024,6/20/24,1/25/27,Not Yet Effective,9/11/26,Minors,Under 18,Social-Media Specific,0,0,0,1,0,0,1,0,0,0,1,0,0,0,0,1,1,1,0,1,0,0,https://legislation.nysenate.gov/pdf/bills/2023/S7694A,https://ag.ny.gov/safe-for-kids-act-final-rule,,Final rules were published; statute and rules are scheduled for 2027-01-25.,Codes default chronological/non-addictive feed protection and overnight notification restriction.,No,9/16/26,"Prohibits covered platforms from providing addictive algorithmic feeds to minors without parental consent and restricts overnight notifications to minors, while preserving feeds based on user-selected or chronological content."
INT-US-VA-SB854,United States,Virginia,State,Social-media platform responsibilities and limits for minors,2025 Va. Acts ch. 703 (SB 854),2025,4/2/25,1/1/26,Blocked,9/11/26,Minors,Under 16,Social-Media Specific,0,0,0,0,0,0,0,0,0,0,0,1,0,0,0,0,1,1,0,1,0,0,https://lis.blob.core.windows.net/files/1054427.PDF,https://netchoice.org/netchoice-v-miyares-virginia/,,"The statute took effect, then was preliminarily enjoined on 2026-02-27.",Codes the minor time-use cap; age determination identifies users subject to the protection but is not coded as account/service Access.,No,9/16/26,"Requires social media platforms to determine whether users are under 16 and limit those minors to one hour of use per day per service, subject to parent-authorized adjustments."
INT-US-LA-ACT456,United States,Louisiana,State,Secure Online Child Interaction and Age Limitation Act,Act 456 of 2023 (SB 162),2023,6/29/23,7/1/24,Blocked,9/11/26,Minors,Under 16 for account restriction,Social-Media Specific,1,1,1,0,0,0,0,0,0,0,0,1,0,0,1,0,1,1,0,1,0,0,https://legis.la.gov/legis/Law.aspx?d=1337818,https://netchoice.org/wp-content/uploads/2025/12/Louisiana-MSJ_Granted.pdf,,Permanently enjoined as to affected NetChoice-member platforms; appeal pending at the cutoff.,Codes the enacted access and supervisory time-use controls. The current statute gives the Division exclusive administration and enforcement authority.,No,9/16/26,"Requires covered social media services to verify account applicants’ ages, obtain parental consent for minors’ accounts, and provide parents supervisory controls over minors’ daily use time and required breaks."
INT-US-CO-HB1136,United States,Colorado,State,Protections for Youth Who Use Social Media,"HB 24-1136 (2024), § 6-1-1601 C.R.S.",2024,5/30/24,1/1/26,Blocked,9/11/26,Minors,Under 18,Social-Media Specific,0,0,0,0,0,0,0,0,0,0,0,0,1,0,0,0,1,0,0,0,1,0,https://leg.colorado.gov/bills/hb24-1136,https://docs.justia.com/cases/federal/district-courts/colorado/codce/1:2025cv02538/246452/31,,"Section 4's youth-engagement information requirement, including the recurring-notification alternative, is preliminarily enjoined.",Section 6-1-1601 permits compliance through either a broader youth engagement-information function or a recurring pop-up/full-screen notification pathway.,No,9/15/26,"Requires qualifying social media platforms to give under-18 users information about their engagement, either through an information function or recurring pop-up warnings triggered by extended or late-night use."
INT-US-MD-HB603,United States,Maryland,State,Maryland Kids Code,"HB 603 (2024), Md. Code Com. Law §§ 14-4801–14-4813",2024,5/9/24,10/1/24,In Force,9/11/26,Minors,Under 18,Broader Online Services,0,0,0,0,0,0,0,0,0,0,0,0,0,1,0,0,1,0,0,0,0,1,https://mgaleg.maryland.gov/mgawebsite/Legislation/Details/HB0603?ys=2024rs,https://law.justia.com/cases/federal/district-courts/maryland/mddce/1%3A2025cv00322/575260/111/,https://law.justia.com/cases/federal/district-courts/maryland/mddce/1%3A2025cv00322/575260/90/,Constitutional litigation remained pending; no injunction against enforcement had been entered as of the cutoff.,The statute expressly disclaims required age gating and imposes a broader design and data-protection impact-assessment duty rather than a discrete recommender-system duty; design_harm_duty remains coded.,No,9/16/26,"Requires online products reasonably likely to be accessed by children to assess child-related design and data risks, including engagement-extending features, and document steps aligning the product with children’s best interests."
INT-US-NE-LB504,United States,Nebraska,State,Age-Appropriate Online Design Code Act,"LB 504 (2025), Neb. Rev. Stat. ch. 87",2025,5/30/25,7/18/26,In Force,9/11/26,Minors,Under 18,Broader Online Services,0,0,0,0,1,0,1,1,1,1,1,1,0,0,0,1,1,1,1,1,0,0,https://nebraskalegislature.gov/FloorDocs/109/PDF/Final/LB504.pdf,https://nebraskalegislature.gov/laws/laws-index/chap87-full.html,https://nebraskalegislature.gov/FloorDocs/109/PDF/Final/LB838.pdf,"Current Nebraska statutes, as amended by LB 838 (2026), are operative from 2026-07-18.","Codes chronological-feed choice and direct controls for covered design features, including autoplay, infinite scroll, notifications, and time limits. Age determination establishes applicability of child protections rather than conditioning account access.",No,9/16/26,"Requires covered platforms to give minors controls over engagement features and a chronological-feed option, impose protective defaults, restrict certain notifications, and provide time-use controls under the statute amended in 2026."
INT-US-NE-LB383,United States,Nebraska,State,Parental Rights in Social Media Act,LB 383 (2025),2025,6/4/25,7/1/26,Partially Operative,9/11/26,Minors,Under 18,Social-Media Specific,1,1,1,0,0,0,0,0,0,0,0,1,0,0,1,0,1,1,0,1,0,0,https://www.nebraskalegislature.gov/FloorDocs/109/PDF/Slip/LB383.pdf,https://dockets.justia.com/docket/nebraska/nedce/4:2026cv03149/111385,,Age-verification and parental-consent provisions are enjoined; other parental tools took effect.,Coding records the enacted intervention while the status field captures the split operative posture.,No,9/16/26,"Requires covered social media platforms to verify prospective account holders’ ages and secure parental consent for minors’ accounts, while offering parents tools to supervise accounts and limit use time."
INT-US-AR-ACT900,United States,Arkansas,State,Social Media Safety Act amendments,Act 900 of 2025 (SB 611),2025,4/21/25,4/21/26,Blocked,9/11/26,Minors,Under 18,Social-Media Specific,0,1,1,0,0,0,1,0,0,0,1,1,0,0,1,0,1,1,0,1,0,0,https://www.arkleg.state.ar.us/Home/FTPDocument?path=%2FACTS%2F2025R%2FPublic%2FACT900.pdf,https://www.govinfo.gov/content/pkg/USCOURTS-arwd-5_25-cv-05140/pdf/USCOURTS-arwd-5_25-cv-05140-1.pdf,,Preliminarily enjoined before delayed design provisions took effect.,Separate intervention because the amendment added material design obligations.,No,9/16/26,"Adds duties for covered platforms to avoid addiction-inducing practices involving recommendations and notifications, apply protective minor settings, restrict overnight notifications, audit compliance, and provide parental controls over access and use."
INT-US-AR-ACT901,United States,Arkansas,State,Social Media Platform Harm Liability Act,Act 901 of 2025 (SB 612),2025,4/21/25,8/3/25,Partially Operative,9/11/26,Mixed,Minors receive special presumptions,Social-Media Specific,0,0,0,0,0,0,1,0,0,0,0,0,0,1,0,0,1,1,0,0,0,1,https://www.arkleg.state.ar.us/Bills/Detail?ddBienniumSession=2025%2F2025R&measureno=SB612,https://docs.justia.com/cases/federal/district-courts/arkansas/arwdce/5%3A2025cv05140/74652/47/,,State enforcement is enjoined for affected NetChoice members; the order does not necessarily bar claims under the separate private cause of action.,Codes an addictive-design restriction and generalized design-harm duty; it does not impose a discrete recommender-system duty.,No,9/16/26,"Prohibits covered social media platforms from using a design, algorithm, or feature they know or reasonably should know causes specified harms, including addiction, and creates liability for violations."
INT-US-CA-AB56,United States,California,State,Social Media Warning Law,"AB 56 (2025), Ch. 671",2025,10/13/25,1/1/27,Not Yet Effective,9/11/26,Minors,Under 18,Social-Media Specific,0,0,0,0,0,0,0,0,0,0,0,0,1,0,0,0,1,0,0,0,1,0,https://leginfo.legislature.ca.gov/faces/billTextClient.xhtml?bill_id=202520260AB56,,,Warning provisions become operative on 2027-01-01.,Codes only the enacted warning/interruption requirement.,No,9/15/26,"Requires covered social media platforms to display a warning to minors or users whose age is undetermined when accessing the service and after extended use, with specified duration and dismissal limits."
INT-US-CA-AB1709,United States,California,State,Covered Platform Age Restriction,"AB 1709 (2026), Ch. 183",2026,9/10/26,1/1/27,Not Yet Effective,9/11/26,Minors,Under 16,Social-Media Specific,1,1,0,1,0,0,1,1,0,0,0,0,0,0,1,1,1,1,0,0,0,0,https://leginfo.legislature.ca.gov/faces/billTextClient.xhtml?bill_id=202520260AB1709,,,Signed shortly before cutoff; scheduled effective date is 2027-01-01.,"Codes age restriction, age assurance, personalized-feed limits, addictive design, and autoplay from enacted text.",No,9/16/26,"Bars covered platforms from giving users under 16 addictive feeds or autoplay, requires age checks before providing those features, and permits accounts for younger users only without the restricted features."
INT-US-MN-325M335,United States,Minnesota,State,Social Media Mental Health Warning Label Law,Minn. Stat. § 325M.335,2025,6/14/25,7/1/26,In Force,9/11/26,All Users,All users,Social-Media Specific,0,0,0,0,0,0,0,0,0,0,0,0,1,0,0,0,1,0,0,0,1,0,https://www.revisor.mn.gov/statutes/cite/325M.335,,,The warning requirement took effect on 2026-07-01.,Codes an access-session warning only; no recurring 30-minute timer appears in the enacted statute.,No,9/15/26,"Requires a covered social media platform to present a mental-health warning when a user accesses the service, keeping it visible until the user acknowledges it or leaves."
INT-US-NY-WARNING,United States,New York,State,Addictive Social Media Platform Warning Label Law,"L.2025, c.689, as amended by L.2026, c.85; N.Y. GBL art. 45-A",2025,12/19/25,1/1/27,Not Yet Effective,9/11/26,Minors,Warning required unless user is reasonably determined to be over 17,Social-Media Specific,0,0,0,0,0,0,0,0,0,0,0,0,1,0,0,0,1,0,0,0,1,0,https://legislation.nysenate.gov/pdf/bills/2025/S8827,https://www.governor.ny.gov/news/governor-hochul-signs-legislation-require-warning-labels-social-media-platforms,https://legislation.nysenate.gov/pdf/bills/2025/S4505,Warning requirements are enacted but do not take effect until 2027-01-01.,Codes required warning interruptions for covered young users under enacted GBL article 45-A. The underlying addictive features define scope but are not independently restricted by this intervention.,No,9/16/26,"Requires covered platforms with addictive features to warn users not reasonably determined to be over 17 on initial and extended use, with repeat warnings at specified intervals; it does not ban those features."
INT-US-ID-HB542,United States,Idaho,State,Stop Harms from Addictive Social Media Act,"HB 542 (2026), Idaho Sess. L. ch. 268",2026,4/2/26,7/1/26,In Force,9/11/26,Minors,16 and younger,Social-Media Specific,1,1,1,1,0,0,1,1,1,1,1,1,0,0,1,1,1,1,0,1,0,0,https://legislature.idaho.gov/sessioninfo/2026/legislation/H0542/,https://gov.idaho.gov/legislative-sessions/2026-session/,,Signed 2026-04-02 and effective 2026-07-01.,"Codes profile-based feed restrictions, autoplay, infinite scroll, gamified rewards, notifications, and parental time controls.",No,9/16/26,"Requires covered platforms to obtain parental consent for children’s accounts, withhold profile-based feeds and specified addictive interface features from children, and offer parents controls over daily and scheduled use."
INT-US-SC-H3431,United States,South Carolina,State,Age-Appropriate Code Design Act,Act 96 of 2026 (H 3431),2026,2/5/26,2/5/26,In Force,9/11/26,Minors,Under 18,Social-Media Specific,0,0,0,0,1,0,1,1,1,1,1,1,0,1,0,1,1,1,1,1,0,1,https://www.scstatehouse.gov/sess126_2025-2026/bills/3431.htm,https://www.scstatehouse.gov/billsearch.php?billnumbers=3431,,Act 96 took effect upon approval on 2026-02-05.,Codes minor-default nonprofiled choice plus named engagement-design restrictions and design-harm duty.,No,9/16/26,"Requires covered platforms to exercise reasonable care against foreseeable harms to minors, provide user controls over recommendation and use settings, and apply protective defaults and limits to specified engagement features."
INT-US-VT-S69,United States,Vermont,State,Vermont Age-Appropriate Design Code Act,Act 63 of 2025 (S.69); 9 V.S.A. §§ 2449a–2449j,2025,6/12/25,1/1/27,Not Yet Effective,9/11/26,Minors,Under 18,Broader Online Services,0,0,0,1,0,0,1,0,0,0,1,0,0,0,0,1,1,1,0,0,0,0,https://legislature.vermont.gov/statutes/section/09/062/02449f,https://legislature.vermont.gov/bill/status/2026/S.69,,The statute and required rules take effect on 2027-01-01.,"Codes personal-data recommendation limits, overnight notifications, and compulsive-use design regulation.",No,9/16/26,"Restricts using minors’ personal data to recommend content absent a user request or setting, bars overnight push notifications to minors, and directs the regulator to adopt compulsive-use design rules."
INT-US-UT-HB464,United States,Utah,State,Social Media Amendments — excessive-use liability,HB 464 (2024); Utah Code §§ 78B-3-1101–1106,2024,3/13/24,10/1/24,In Force,9/11/26,Minors,Under 18,Social-Media Specific,0,0,0,0,0,1,1,0,0,0,0,0,0,1,0,1,1,1,0,0,0,1,https://le.utah.gov/~2024/bills/hbillenr/HB0464.pdf,https://le.utah.gov/Session/2024/bills/static/HB0464.html,,The statutory excessive-use liability framework has been effective since 2024-10-01.,"Codes liability tied to engagement-driven, algorithmically curated excessive use as recommender/design safety duties.",No,9/15/26,"Creates a private liability framework for adverse mental-health outcomes allegedly caused by minors’ excessive use of algorithmically curated social media, with rebuttable presumptions tied to specified engagement-design practices."
INT-US-LA-HB123,United States,Louisiana,State,Legal representative consent for minor online accounts,Act 16 of 2024 (HB 123); La. R.S. 9:2717.2,2024,5/8/24,5/8/24,In Force,9/11/26,Minors,Under 18,Broader Online Services,1,0,1,0,0,0,0,0,0,0,0,0,0,0,1,0,0,1,0,1,0,0,https://legis.la.gov/legis/Law.aspx?d=1335647,https://legis.la.gov/legis/BillInfo.aspx?i=245687,,Act 16 is in force; it revised the minor-account framework before the earlier version took effect.,Treated as the final enacted access intervention requiring legal-representative consent for a minor's online account contract.,No,9/15/26,"Prohibits covered online services from making an account-creation contract with a minor without written consent from the minor’s legal representative, rendering nonconsensual contracts relatively null."
INT-BRA-ECA-DIGITAL,Brazil,,National,Digital Statute of the Child and Adolescent (ECA Digital),"Lei nº 15.211, de 17 de setembro de 2025",2025,9/17/25,3/17/26,In Force,9/11/26,Minors,Under 18,Broader Online Services,0,1,0,0,1,0,1,0,0,0,0,1,0,1,1,1,1,1,1,1,0,1,https://www.planalto.gov.br/ccivil_03/_ato2023-2026/2025/lei/l15211.htm,,https://www.planalto.gov.br/ccivil_03/_ato2023-2026/2026/lei/l15352.htm,Lei nº 15.352/2026 established the statute's effective date as 2026-03-17.,"Codes age assurance, feed choice, addictive-design restriction, time-use controls, and design duties from the enacted statute.",No,9/16/26,
INT-CHN-ALGORITHM-REC,China,,National,Provisions on the Administration of Algorithmic Recommendation in Internet Information Services,国家互联网信息办公室等四部门令第9号,2021,12/31/21,3/1/22,In Force,9/11/26,Mixed,Under 18 for minor-specific duties,Broader Online Services,0,0,0,0,1,1,1,0,0,0,0,0,0,0,0,1,1,1,1,0,0,1,https://www.cac.gov.cn/2022-01/04/c_1642894606364259.htm,,,The regulation has been operative since 2022-03-01.,"Codes a non-personalized option, recommendation safety duties, and prohibition on addiction-inducing algorithms.",No,9/15/26,
INT-CHN-MINORS-NET,China,,National,Regulations on the Protection of Minors in Cyberspace,国务院令第766号,2023,10/16/23,1/1/24,In Force,9/11/26,Minors,Under 18,Broader Online Services,0,0,0,0,0,0,1,0,0,0,0,1,0,1,0,0,1,1,0,1,0,1,https://www.moe.gov.cn/jyb_xxgk/moe_1777/moe_1778/202310/t20231025_1087333.html,,,The regulation has been operative since 2024-01-01.,"Codes anti-addiction duties, minor modes, time controls, and parental tools for covered online services.",No,9/16/26,
INT-IDN-PP17-ACCESS,Indonesia,,National,Electronic System Governance for Child Protection (PP TUNAS),Peraturan Pemerintah Nomor 17 Tahun 2025,2025,3/27/25,3/27/25,In Force,9/11/26,Minors,Under 16 for high-risk account access; broader child duties under 18,Broader Online Services,1,1,1,0,0,0,0,0,0,0,0,0,0,1,1,0,1,1,0,1,0,1,https://peraturan.bpk.go.id/Details/316698/pp-no-17-tahun-2025,https://portal.komdigi.go.id/kanal-publik/berita-kini/10066,https://jdih.komdigi.go.id/produk_hukum/view/id/1007/t/peraturan%2Bmenteri%2Bkomunikasi%2Bdan%2Bdigital%2Bnomor%2B9%2Btahun%2B2026,PP 17/2025 is in force; the implementing regulation operationalized high-risk account restrictions from 2026-03-28.,"PP 17 and its 2026 implementing regulation are consolidated as one intervention; codes age-tiered access, assurance, consent, and child-protection duties.",No,9/15/26,